Comments,Author
1574,deleted
298,poincares_cook
252,random_crank
243,Woofers_MacBarkFloof
242,omaronly
218,katakanbr
171,Maichin_Civire
159,tansim
144,VeganMutantNinjaTurt
141,MuzzleO
124,T-72A
123,arkheus
112,RanDomino5
110,WhoCares223
99,Bulbajer
88,P1DRE
83,RMCF_1
82,SploonTheDude
82,wiki-1000
78,Lynak
77,ButtMunchyy
74,amkaps
72,boomwakr
71,The_Living_Martyr
70,e_cross
70,ddsgf9876
69,JedidahTheKing
66,jogarz
65,AModestGent93
64,ctlindblom
63,TJFortyFour
63,NeoSom
61,ackbar1235
58,Ultramarinus
57,HevalShizNit
56,KingsOfTheCityFan
56,soupisthebestsoup
56,Popsofspades
56,LMR_Sahara
56,flintsparc
55,EErrNN
53,ValentianTor
53,vallar57
52,melolzz
51,Bestpaperplaneever
51,davoust
50,Melonskal
49,Decronym
49,bleatingnonsense
44,jodefcena
43,Venetian_Doge697
42,candymanfivetimes
42,BillyBigBone
40,karachay
39,iseetheway
39,elboydo
38,machocamacho88
38,ganazumbi
38,Maniacal_Monster
36,Randomcrash
36,Yesnomaybeidontknoh
35,iwanthidan
35,Sherlock51
35,idealatry
34,cloudsel
34,Thereisntanameleft
34,Panzerkampfpony
34,fknt
34,DarienTheJoslin
34,WarmBullet
34,Repulsiv3
33,Notengosilla
33,Mathcubes
32,yankedoodle
32,hanihamawi
31,Trailmagic
31,bretton-woods
30,-Shia-LaBeouf-
30,patkasper
30,sterexx
29,DecoDecoMan
28,kermit_was_right
28,NeverFappedAgain
27,Dogger-Mcdog
27,spacial77
27,jewishbaratheon
27,DoctorExplosion
27,Sepulvd
26,Daft-Bastard
26,TheDuffman_OhYeah
26,DatBoiK1
26,Afroa
25,eighthgear
25,ZAlternative_Account
25,Mideastparkinglot
25,kaantechy
25,marlybarrow
24,Origami_psycho
24,RealWakandaDPRK
24,tufelixcaribaeum
24,Kakya
24,sixtynine_fourtwenty
24,samm_o
24,varg0
23,sanem48
23,freedumbandemockrazy
23,AHAPPYMERCHANT
23,Enokiannn
23,himo123
22,helljumper23
22,peer2beer
22,Stingray1993
22,gonohaba
22,Aunvilgod
22,753951321654987
22,vepr-12
21,FinnBalur1
21,randomPerson_458
21,joe12thstreet
21,Ollieca616
21,ajak__
21,ChickenTitilater
20,-Bubba_Zanetti-
20,-Aztech-
20,ghrarib
20,HP_civ
20,zxcv1992
20,RubRubNub
20,VonDerGoltz
19,Jungibungi
19,Ppppppaul
19,CaptMackenzieCalhoun
19,Luvsmah
19,BiZzles14
19,PainStorm14
19,SkoomaDetox
19,JeanJauresJr
19,ReeRoo_ThotPatrol
18,NamedHaydara
18,USA-got-Al-Shayrat
18,HelpImOutside
18,Mir_man
18,Willem_van_Oranje
18,TTEH3
18,Bbrhuft
17,investigator919
17,TheLastOfYou
17,ColonStones
17,Yosaerys
17,angryaboutTOWvids
17,joe_dirty365
17,lefty_cat
16,-Vae-Victis-
16,TheGoldyMan
16,partybladder
16,MoonMan75
16,alexander_pistoletov
16,ParanoidMoron
16,HonkHonk
16,Spoonshape
16,l_cannot_draw
15,neko_ceko
15,HyperbolicDude
15,ghosttrainhobo
15,ConservativeShia
15,nhbb
15,ilikeredlights
14,Shrines-of-Antioch
14,IgnorantWhiteMan101
14,IcySand6
14,ThatWeirdMuslimGuy
14,bortoqala
14,Nethlem
14,watdyasay
14,JeffBoucher
14,Talal_grainSilo
14,revleft
14,Voltairinede
14,shovelfight
14,thaitourist
14,blaugrana1
14,sync-centre
14,Yeezerz
14,GlobalMillitary96
13,Berkyx
13,HenryPouet
13,_Sakurai
13,SuperRocketMrMagic
13,eisagi
13,Sweendog024
13,Guffawkestrel
13,TheNumberOneRat
13,3asir_shi3e
13,MostEpicRedditor
13,Rand_alThor_
13,temperok
12,alraca
12,Kiririn-shi
12,Puffin_fan
12,duxn
12,Baldrs_Draumar
12,Rockville_Maryland
12,Kvmjohan
12,CPM17
12,Antares_Sol
12,Abstraction1
12,I-Should_Be-Studying
12,EarlHammond
12,TheDabadu
12,voiceonthewind
12,Lobeau
12,xd4
12,SharqZadegi
12,mstrgrieves
12,FatFaceRikky
11,cc81
11,SatarRibbuns50Bux
11,XamarCadey
11,kobarci
11,RobertAntonWilson
11,ButchTheGuy
11,3gw3rsresrs
11,Prettygame4Ausername
11,DetectionErection
11,TheVainOrphan
11,Brushner
11,TheSkyPirate
11,poklane
11,deleteme123
11,Eugene_Bleak_Slate
10,Universal-Omnicide
10,Barristan-Selmy
10,thekwas
10,niceworkthere
10,Blood4TheSkyGod
10,LiableWarrior70
10,97peaches97
10,w4hammer
10,notehp
10,BrowningMG
10,Shalekovskii
10,Wild_Hunt
10,DaveOJ12
10,angrymailman
10,XLR8ght
10,ndiezel
10,Endemicgenes
10,marmk
10,cgrsodt
10,makethisquickquickqu
10,brokendefeated
10,fludblud
9,chewda
9,vanulovesyou
9,Aconserva3
9,Diabeetush
9,cathrynmataga
9,Iraqisecurity
9,ISOSourceBolus220mL
9,dumpster2018
9,Dictato
9,Reverse_Flash36
9,Mistogun7
9,plazmablu
9,MasherusPrime
9,Bots4Peace
8,sheldonopolis
8,Omnicide
8,cvrc
8,quicksilverck
8,Thanalas
8,This_is_so_awkward
8,ballenuk
8,Clairvaux1090
8,its-meeee
8,neutralkushhotel
8,IWatchAnime2Much
8,GlomarExplorer
8,lightskinncommie
8,Valos01
8,BillyDuvet
8,YPG-Got-Raqqa
8,dontjustassume
8,Plamen1234
8,Flavahbeast
8,ChewiestBroom
8,Prince_Kassad
8,Majorbookworm
8,Joehbobb
8,CodeRed23
8,Wolf-Totem
8,DebordsGhost
8,Alienfreak
8,MardukSyria
8,how_2_reddit
8,madali0
8,Surely_Trustworthy
8,silentnoisemakers76
8,piet-piet
8,itherunner
7,AlistairStarbuck
7,von_amsell
7,MILAN_ATGM
7,donderpatrullen
7,RABBusa
7,Kidkidkid12
7,krosman
7,dvdcombo
7,Ararat2
7,AimingWineSnailz
7,deltefknieschlaeger
7,theskyisblueatnight
7,ferroca
7,J_O_L_T
7,albarshini
7,AkoTehPanda
7,qassem_suleimani
7,PeterPorky
7,SigmundColumn
7,thepanda37
7,hashtag_hashtag1
7,MonacoBall
7,SdKfz252
7,dulbirakan
7,Geopolanalyst
7,baalzubab3
7,ChimpScoper76
7,The-Kurgan
7,DogBeersHadOne
7,inevitablelizard
7,partot
6,blackstonebite
6,Morphie12121
6,thegrayrace
6,Glofyre
6,Quetzie
6,MoesBAR
6,J_de_C
6,zero_cool1990
6,Humble_Errol_Flynn
6,nejcr26
6,Hexxington
6,Dishonor3d
6,hankthebank123
6,Fugedaboudit88
6,fevertrees311
6,ChuckkBartowski
6,mcb89
6,cburns33
6,p00d73
6,ArkanSaadeh
6,FlaviusStilicho
6,Murfilds
6,royalex555
6,monopixel
6,Bondorudo
6,UlpiaNoviomagus
6,RTNoftheMackell
6,derTechs
6,PirateAttenborough
6,Calvinball1986
6,callfubless
6,acervision
6,youssefegous
6,tob1909
6,kinmix
6,Yongle_Emperor
6,parrallax35
6,TangledGoatsucker
6,MizDiana
6,SteveJEO
6,CROAT_56
6,fudgemyweed
6,BrzoCrveni
6,Deadleggg
6,FunCicada
6,LordBlimblah
5,400g_Hack
5,KurdistanaYekgirti
5,Ignition0
5,Ulysses89
5,Deus_Lumi
5,Frostbrine
5,Infidius
5,Nihlus11
5,april9th
5,sencerb88
5,KralHeroin
5,vonFelty
5,tallandlanky
5,GeorgePapadopoulos
5,Zanerax
5,holydamien
5,RusskiJewsski
5,Ubermensch1986
5,InquisitiveKenny
5,Up-The-Butt_Jesus
5,BertholdQuartzenebba
5,NaibImam
5,JubalKhan
5,bakedphilosopher
5,Manatee01
5,hideonbush
5,lonesomefriend
5,Mighty_Zuk
5,Swatbot1007
5,TheBigBadPanda
5,SomePolack
5,ChillandBreath
5,daLok1nho
5,miscojones
5,SatanicBiscuit
5,Homiz88
5,runforeststop
5,WasLetztePreis
5,SCM7
5,ok_not_ok
5,turbosympathique
5,Puffyspider
5,h0bb1tm1ndtr1x
5,marxwasright69
5,sigurdz
5,vris92
5,ManxTaxAvoider
5,Homo_ferricus
5,gamespace
5,FlawedPriorities
5,LiftAndSeparate
5,KinderEggsUSA
5,rikhos
5,FurstThal
5,HowDidIGetSoOld
5,EmprahsChosen
5,SrpskaZemlja
5,possiblelifeinuranus
5,aurum_32
4,Nerapac
4,Kon3v
4,ilmagnoon
4,IgnorantSmartAss
4,UsernameIWontRegret
4,PrinceOzy
4,staticjacket
4,UnsafestSpace
4,urinatingsquid
4,HB-JBF
4,m1serablist
4,romeo123456
4,fredy5
4,fahed-lf
4,catsupmcshupfak
4,Wforvictory
4,KhaleeliQUIK
4,DongerOfDisapproval
4,slappymcnutface
4,josh_83
4,xxxleafybugxxx
4,Tzahi12345
4,ThePandaRider
4,ereniwe
4,Yarn_Eater
4,StateLottery
4,lsmft13
4,RuthHelen
4,swnewcommer4
4,MSUC123
4,DONUTof_noFLAVOR
4,shroudyssey
4,ScamallDorcha
4,randomguy_-
4,D_V_Tchaikovski
4,zehferris
4,kervinjacque
4,Assadistpig123
4,Phantraks
4,VonMahnstein
4,Slim_Charles
4,PistolKing
4,ResettiRevenge
4,Rindan
4,Hazzman
4,Jalow90
4,KohTaeNai
4,denoate
4,seamath2
4,beebeight
4,rockcandymtns
4,balkan_boy
4,Zombilol
4,Kevitikatjonka
4,RatherA_reddit
4,NorthAtlanticCatOrg
4,Richard7666
4,bobfredpo
4,teamtwd23
4,D-Lop1
4,gamma55
4,clean_void
4,bilsantu
4,lorindon
4,Formally_Nightman
4,RxRxR
4,Special-G
4,kahaso
4,Mad_King
4,iwantanewaccountmom
4,Frankystein3
4,leidogbei
4,x2oop
4,goldandsilver123
4,JeffNasty
4,DDE93
4,MartBehaim
4,ReichLife
4,KibbehNayeh
4,Sarahs-Sandwich-Shop
4,erinadic
4,METIS_M
4,two-eyed-raven
4,Dial595
4,bzdunn
4,HT_F8
4,DegnarOskold
4,CaroKann_c6
4,daemon86
4,tuco_salamanca_84
4,Inserrection
4,krypton_36
4,rexawus
4,Runrocks26
4,BoogerFromTheNerds
3,-AllIsVanity-
3,vv04x4c4
3,3oR
3,DracoMagnusRufus
3,KreamyKerry
3,Kadlekins_At_Work
3,Niikopol
3,Wwhhaattiiff
3,Moleyarrow
3,irate_wizard
3,couscouscardan
3,Hackerpcs
3,lurker093287h
3,SausageMcWonderpants
3,Khashoggis-Thumbs
3,jzemane1
3,D3LT40N3
3,Pakka-Makka2
3,questioner2233
3,GhostOfSomeRobot
3,steezefabreeze
3,LCkrogh
3,Dreadknoght
3,redwashing
3,TheHeroReditDeserves
3,the_shalashaska
3,zzez
3,Libertarian-Party
3,Gen_McMuster
3,DrSeltsam
3,TiceNryOSIS
3,Zanis45
3,Rabolisk
3,CapitolHillFreak
3,farlack
3,HereAreTheSonics
3,No_MF_Challenge
3,tester_jester
3,liedel
3,NAlaxbro
3,RhomasDaThomas
3,7threst
3,Rein3
3,Braincoater
3,Dynamaxion
3,master4life
3,Conflictingview
3,TheOneWhoSendsLetter
3,bWoofles
3,Call-Me-Nigar
3,buzzhavoc
3,JackMike16
3,CaraculFacts
3,Xenu_warrior_princes
3,Soviet_Union100
3,InFidel_Castro_
3,excitedllama
3,FatAdeptness
3,ultZor
3,TheMachoestMan
3,Lilsem124
3,Hello_Gomenasai
3,Wilky510
3,VeganAgua
3,FeyliXan
3,IntegralTerritory
3,SogdianFred
3,Korean_Kommando
3,PKMpirate
3,sidekicker6547
3,Fnhatic
3,walking_poes_law
3,Mustafa_K_Redditurk
3,SpeakerEnder1
3,somethingicanspell
3,FolkPunkPizza
3,gaidz
3,Soylu44
3,Damianiwins
3,TwistedAero
3,azyrr
3,kittendispenser
3,drchgs
3,BHB2476
3,Nic0817
3,Thenateo
3,BurtTheMonkey
3,c0057e6720
3,StannisSAS
3,SpartanB203
3,armocalypsis
3,pranuk
3,LordBismark
3,kariasblerster
3,InfiniteUnknown
3,SpaceVikings
3,ShootingPains
3,Biyanjir
3,YsgithrogSarffgadau
3,jimogios
3,EvolutionVII
3,laker88
3,therealcheney
3,TrueTears
3,mexican_mystery_meat
3,rock_is_still_alive
3,koopinator2
3,Inshapo
3,Neosantana
3,luke-ms
3,Jeyhawker
3,Mutatiis
3,Shinokiba-
3,Black_Ant_King
3,thatsforthatsub
3,seedster5
3,Dntosh
3,libetop
3,Melthengylf
3,Zeblasky
3,syam1993
3,riuminkd
3,Boronze
3,dadsucker42069
3,res035
2,11248xray
2,-What-Zit-Tooya-
2,RikkyMonn
2,MmaGreen
2,fartybartflask
2,PM_ME_ELEMENTS
2,Aethelric
2,manniefabian
2,wolverinesss
2,_pantsparty_
2,MemeMeUpFamilia
2,sunshine4123
2,Bonetopick12
2,evanjak
2,pplswar
2,Xorg_Xalargsky
2,EstacionEsperanza
2,babynoxide
2,Moneypenny1234
2,allenbell321
2,ObsiArmyBest
2,Pied_Piper_
2,fallflight
2,brownie81
2,redux44
2,SpotNL
2,nikanorov
2,Prism42_
2,StellisAequus
2,SPAMRAAM_
2,Sithrak
2,Volunteer1981
2,RedditName6
2,MoonMasterCarl
2,Henry_Kissinger_
2,CountACAB
2,JumpingJackJoe
2,9A4172
2,incendiaryblizzard
2,nightlily
2,theinfamouscuro
2,SaintMarinus
2,Zorts91
2,vatseth
2,__hrga__
2,Ephetti
2,OEEN
2,CIA_Shill
2,ubbowokkels
2,Lesland
2,doganny
2,AutoModerator
2,mbaban
2,I_Frunksteen-Blucher
2,maroko1969
2,ROMMEL_HSQ
2,thenext7steps
2,st_Paulus
2,Kernigh
2,Suitcase_Johnson
2,Samoderzhets
2,amikoy
2,Will-Grello
2,molenis
2,flyinghi_
2,embicek
2,DarkXfusion
2,TheGreatAte
2,yungsteelo
2,DJWalnut
2,TaciturnCrocodile
2,Z3R0C001
2,FrostyNovember
2,nalmao1
2,bankomusic
2,IloveteaNfrenchtoast
2,JimmyCartersMap
2,scurvylemur
2,ASAPShlomo
2,xNightly
2,Borkimadog
2,tk_woods
2,Btshftr
2,Helloguys225
2,simplestsimple
2,saman_bargi
2,RamBhatKhancha
2,Fang7-62
2,twb2
2,jaredfeto
2,Lord_Ciar
2,Catalunya4Ever
2,ozan0053
2,Simply_Cosmic
2,Furknn1
2,Talonx4
2,Tlas8693
2,fjonk
2,sickbruv
2,Glupsken
2,anybajsforsen1
2,orr250mph
2,Rhudolfael
2,Vershigora
2,juliandark66
2,Aryanite
2,MisterMysterios
2,medatascientist
2,SH_DY
2,blackcat17
2,Zippism
2,KKV
2,panameboss
2,Shitty__Math
2,Sharonaharonson
2,LateralusYellow
2,StanleyRiver
2,bbbberlin
2,Freedom-INC
2,dimalisher
2,AzeriPride
2,LinuxNoob9
2,Aredvi_Sura_Anahita
2,PontiousPilates
2,BlinxCat
2,muverrih
2,jspencer508
2,lazeandgraze
2,darkhorn
2,xXShadowHawkXx
2,JelloBisexual
2,Beirut_1975
2,BreathlessSky
2,dillpickleFLAVkuntry
2,blummwah
2,SerjoHlaaluDramBero
2,IgorMacedo2018
2,knight_of_arabia
2,Alikese
2,timelow
2,osideno
2,spenrose22
2,juniorneedjob
2,BlondeNomad
2,DanceWithTheNance
2,p3u1
2,SalterinoKripperino
2,Lucky13R
2,DangerousCyclone
2,thepriceofaslave
2,Einstand
2,mechebear
2,tozeojavardola
2,callmesnake13
2,James1_26
2,hendrew1221
2,flareblue
2,Oneeyebrowsystem
2,PlatonicNippleWizard
2,Smasher81
2,gotanychange
2,rrrr266
2,ictp42
2,danzig80
2,Cryophobics
2,Rum_imparatorlugu
2,roo1066
2,FalxCarius
2,ChristiLegionariis
2,mauricesarin
2,Poivre17
2,BMRGould
2,rcat256
2,canadian1987
2,Neil_young_freak
2,Shrimpod
2,cloby
2,ciyage
2,Reagento
2,DeathHamster1
2,USSR-got-Berlin
2,notatmycompute
2,TheArst0tzkan
2,livesomelearnsome
2,jdmachogg
2,itzkold
2,nachoestrella
2,rwaeh_
2,Savage_X
2,olifante
2,mrmrevin
2,LJinnysDoll
2,throwawayswede123
2,ChristianMB1
2,famschopman
2,Aurverius
2,Sirmium
2,thecashblaster
2,Finial
2,MorDon1
2,zefkocovic
2,Marble_Eng
2,Pismakron
2,Wastedbackpacker
2,eminenceboi
2,houinator
2,banananinja2
2,LolaRuns
2,capitanmanizade
2,siquerty
2,Grumpits
2,fukwhitepeople
2,TheLostBladesman
2,AfgCric
2,kuzux
2,Dankjets911
2,Postgresql
2,bloody-asylum
2,Exchequer_Eduoth
1,0ToTheLeft
1,-Tiwin-
1,-HashtagYoloSwag-
1,Vorenvs
1,Jamesony1
1,AdoDaYugo
1,no1name
1,iamonlyoneman
1,panick21
1,SmithWiIl
1,42111
1,Pentacephalus
1,guszi
1,foxide987
1,Solar_Powered_Torch
1,rizzzeh
1,heocon0504
1,martini29
1,writhinginnoodles
1,tta2013
1,bobthetitanic
1,notherland167
1,Druid51
1,adestone
1,papuan_warlord
1,Odous
1,IamBlackOG
1,Ariskov
1,DetlefKroeze
1,itailitai
1,s0berage
1,ImagineAllTheKarma
1,Ecuni
1,HehNothinPersonelle
1,The_Hopeful_Dimwit
1,MrHands2000
1,Scarred_Ballsack
1,MikhailTolstyk
1,glitteringage
1,giscard78
1,n12xn
1,AdversusHaereses
1,oreng
1,rehaxxx
1,CoRe0412
1,Condor2015
1,trollin_zebra
1,dilxoxoxlib
1,Samloku
1,Dreddthebed
1,aliassadyahya
1,TheyTukMyJub
1,nkn_19
1,NotRabsho
1,tiftik
1,EZ_Smith
1,Nader_Nader
1,sajed2
1,Barrerayy
1,MX1K
1,lal0cur4
1,Arsene_Lupin
1,boushveg
1,elpsycongroo92
1,Downandoutlout
1,catwithnukes
1,smegafterdark
1,Akz1918
1,Syrianwarr
1,lemmi321
1,nafinmasjid
1,Khosrov9
1,kellhusofatrithau
1,Homo-Deus
1,Bolteg
1,MonkeyPooja
1,Ostarah
1,fotmjocke
1,AonDhaTri
1,deliciousnightmares
1,dmorlv
1,tralal_
1,danieloakwood
1,HelperBot_
1,Detroitlions81
1,alah123
1,Stama_
1,Tim_Brady12
1,Indecs
1,AcctStudent9616
1,kirbs2001
1,elelias
1,blahbah
1,BobEWise
1,iim_throw_123
1,Question-mark-kick
1,IphoneInghimasi
1,RonPaulNudes
1,MR_JACK_DANIELS
1,Grimstroke3x6
1,Sith_ari
1,lostaccount45
1,Luzba
1,Proudhmak87
1,autodidacted
1,KremlinBWF
1,Crash995
1,CTPT85
1,randomiraqi
1,Captainmanic
1,Lordofkarnge1
1,SpaceSnail1
1,theanxietyguy1
1,Lateknighttt
1,Hug_The_NSA
1,Exley88
1,BrianW1983
1,Zbaleh3
1,Fixitinpostmate
1,TheGrandPhister
1,thisissang
1,VerdantFuppe
1,Hewman_Robot
1,caw996
1,Cum_Farm_Manimal
1,samanwilson
1,Hyperintelligentwolf
1,McLaren4life
1,CalradianDestroyer
1,Siezemore
1,IdlewildInstitute
1,WhatTheFuckDude420
1,CYAXARES_II
1,deadjawa
1,Slave_IV
1,dilpill
1,Wassukani
1,energyper250mlserve
1,sQank
1,directoriesopen
1,Reza_Jafari
1,killernomad97
1,Guiggah
1,travtrigs
1,reposter_toaster3
1,peshawari_baba
1,closetotheglass
1,jjBregsit
1,gabcsi99
1,TypicalUser54
1,PuTongHua
1,dw565
1,TheOmnisicient
1,andiefreude
1,scratzin
1,jodics
1,33_44then12
1,PatientGamers2009
1,MrSocioloog
1,VCGS
1,Outoapuhumista
1,mmhci
1,cookiecutterhipster
1,justlikeassad
1,jhaand
1,your_covers_blown
1,drorzo
1,TerritorialIguana
1,SkyVapour
1,zerchai
1,fraack
1,Phenixxy
1,communismisthebest
1,Prester_John_
1,GenSecHonecker
1,ThisIsSomebodyElse
1,Explosivefox109
1,islandkingdivinity
1,Orez6966
1,SirWilfred
1,BruceOfChicago
1,againstBronhitis
1,finallyinloveAW0730
1,Ahab1851
1,VikLuk
1,truecore
1,covrovski
1,endtimesbanter
1,FaerieFay
1,MaxImageBot
1,Villainous_Intention
1,atkbbo
1,Thisismyyacht
1,rockyrainy
1,Daario1
1,Gugalesh
1,itsyourboikirk
1,Aegon_Aetolos
1,BurningRome
1,dat_lad
1,sodasanta
1,DuckMeat780
1,Horadric-Cube
1,networkier
1,itsmassive
1,Predicted
1,pinktomato88
1,SomethingboutWeed
1,exodusnow
1,Colmbob
1,Zannier
1,Nervewrecking
1,Tunnelmat
1,yhelothere
1,CrazedZombie
1,MCCCXll
1,JOKER_PA
1,kyle_gibson
1,BadMass-RS
1,Mickt1940
1,ergele
1,TeslaTGN
1,paramiltar
1,vw3eh5
1,throwawayplay718
1,TrainedMonkee
1,Thunderfire
1,BowToTheKing
1,javalalalalala
1,Tubelesscrib15
1,rpty
1,atillathebun11
1,Luol-Dengue
1,Sierrahun
1,Douro
1,roo19
1,Born_in_the_purple
1,lasserith
1,Bd7thcal
1,go_slugs
1,teamgrandali
1,eyestrained
1,bobcobb42
1,Stehlo
1,ebshoen
1,nalina80
1,Evoluxman
1,fakejournalist3
1,Rockets_got_ticks
1,Lard_Baron
1,theMoly
1,M-Rayusa
1,stalinism-duginism
1,fearection13
1,UriTheCat
1,dejancg
1,Brobman11
1,NamesAre4TombStones
1,Mihkel-
1,Habsu
1,warrenklyph
1,Bacho02
1,v9Pv
1,that_originalist_01
1,J0HNY0SS4RI4N
1,dontcallmeia
1,Comeandseemeforonce
1,Anaseb
1,Absol21
1,mud074
1,drh29
1,fimmundo
1,machtstab
1,626_ed7
1,iced_maggot
1,tonegenerator
1,st00dup
1,Faylom
1,SmokeyUnicycle
1,ratchet1106
1,itscalledacting
1,Staatsmann
1,Iron_Twink_Warrior
1,Dashaaaa
1,Rvb321
1,Jaredf3
1,steveaksel
1,arel37
1,Marshal_Bessieres
1,ihei47
1,HuffinJBW
1,OfficialNoobsPlay
1,Riddles_
1,ZoeGirl3
1,crg339
1,bazlurman
1,RSS19
1,HuHuuyaa
1,Mideastfollower
1,wp381640
1,Maeroc
1,Bierkoenig
1,alphaexe
1,OuttheNoir
1,abigpurplemonkey
1,thirdchuck
1,kemko211
1,MrFlakeOne
1,wiselstorm
1,dGlitch
1,cheesywipper
1,MyScwAccount
1,DRAGONITEVIKING
1,ProjectD13X
1,SirGameandWatch
1,DasQuarz
1,phottitor
1,ae-keji
1,Pave_Low
1,waitingandseeing
1,Renato7
1,yokedici
1,flippingdolphyn
1,iraqid12
1,Kalandros-X
1,LucienChesterfield
1,IsThisAliasTaken
1,Galactor123
1,Kallipoliz
1,bottom_left
1,yourself100
1,DrakeTaylor
1,ConcourseB
1,xacisx
1,PutinTheWeakTinyMan
1,desertfox16
1,4chanmodsarefaggots
1,FratmanBootcake
1,shadow_shooter
1,aRkdtk
1,wanderlust_777
1,Bhdrbyr
1,YoyoEyes
1,Vers-
1,resavr_bot
1,bobzibub
1,Uncle-Chuckles
1,Duncanc0188
1,8rwg
1,bijikeke
1,fishfoot614
1,GodzillasCock
1,cristalmighty
1,Altunisi
1,zombie_jizz
1,maximo66
1,GettaPint
1,CrispySnax
1,TheHadramiguy
1,KulinBan
1,Shrapnel1944
1,Erbalist
1,MajorMax1024
1,sparatuvs
1,ThePlanck
1,Frankiep923
1,RevolutionaryCommie
1,I3lowInPlace2112
1,Bromidious
1,Alexei_Volkoff_
1,lietuvis10LTU
1,woolykushwicker
1,wayofthesmile
1,RedDeadCommie
1,theo2-
1,UpstairsQuantity
1,dirtbikemike
1,onoku
1,umadareeb
1,l_e_s_g_o
1,Phaedos
1,pinkeyedwookiee
1,signherehereandhere
1,agoldin
1,KimJongUlti
1,Pro_Yankee
1,Puppy_on_LSD
1,IjonTichy85
1,Monkt
1,swedishcuisinesucks
1,Paladin8
1,mc1205
1,the_postman_
1,WarLord727
1,Frozen_
1,Lilith5th
1,AwesomeKillerKevin
1,HarshaLulzSec
1,blogsofjihad
1,barahmasa
1,Esgalduin
1,jsteed
1,fnsv
1,CahokiaGreatGeneral
1,theexile14
1,lurk45
1,SubatomicNebula
1,Behemothheek
1,quadquadw
1,Ezekyle_Abaddon
1,Inspektah_Deck
1,cleronfx
1,Pasha38
1,duranoar
1,davidob1
1,Sapa888
1,Pavilion502
1,GaiusLukasCaesar
1,epsilone6
1,StandartenfuhrerHans
1,MBT5
1,hladnopivo1988
1,GhadafisDeciple024
1,General_Urist
1,Aberfrog
1,fatamerican27
1,JaJammerJan
1,poon_handler
1,HakanAzeri
1,eikoskaan
1,sWAMPcRIP
1,NickRausch
1,towel679
1,paganmecca
1,Toptomcat
1,spezisacuk
1,kurdish91
1,Mugwartherb7
1,jajajajaj
1,Balthanos
1,RacialSlur420
1,thinkB4WeSpeak
1,YaAllahYaHalab
1,CoherenceEngine
1,SpiSpySpi
1,sentientshadeofgreen
1,RG4ORDR
1,ToobularToob
1,Niedar
1,mandeville1694
1,Artystrong1
1,kwagenknight
1,Klinging-on
1,kropotol
1,thesoutherzZz
1,optional_wax
1,Fishy1701
1,Vovchik_Putin
1,mhaghaed
1,Universalis91
1,vidiiii
1,Sweg_Coyote
1,G_man252
1,Robert_Jarman
1,figec
1,kaffmoo
1,Beggard
1,thavarasxarmana
1,bmalek
1,maggie_jay23
1,DrWontonSoup
1,kumisz
1,give_that_ape_a_tug
1,LARGEYELLINGGUY
1,StalinHisMustache
1,mertseger67
1,blackjacksandhookers
1,gsrmn
1,Darzin_
1,drpop111
1,Spartzi666
1,aan8993uun
1,ilovecolazero
1,blewpah
1,Braindog
1,zase8
1,jeanclaudegoshdarn
1,Gott_strafe_England
1,pugsaremydrugs
1,clrsm
1,OmegaTau
1,FirionaDie
1,OlivierTwist
1,Chrsmulkey
1,qwertymanr88
1,Rocken2
1,fulcrum_security
1,mattfrombkawake
1,Garidama
1,HypnoKraken
1,Lcrusher1116
1,fat-lobyte
1,OrginalCanadian
1,PranjalDwivedi
1,TheNoobHunter
1,CyberGuerrilla95
1,Vardariotai
1,jcspring2012
1,aziztcf
1,thumb21
1,Ausintune
1,KlonkeDonke
1,kurtkobani
1,Nothing_F4ce
1,warflak
1,cherishperish
1,gumto
1,ArisakaType99
1,wardaddy_
1,bayern_16
1,TastyTamale
1,nureinwegwerfaccount
1,TEQUILAS223
1,gkrr
1,Letothe2
1,kostasomonarxidos
1,TiedtheRoomtogether_
1,VESmashZ
1,the_last_mustfa
1,shaikann
1,Whimpy13
1,rocketman0739
1,ShoegazeJezza
1,JustAnotherDude97
1,straydogboi
1,Sleeping-Eyez
1,fenix_L
1,Kalmartard
1,Whydontulovemelynsi
1,p4kistan
1,azinlik
1,huxtiblejones
1,maxedouthyperion
1,originalmilksheikh
1,schwalbe265
1,LeSyrien
1,rulethreeohthree
1,the_son_of_di_fiori
1,madaramen
1,Othernamewentmissing
1,djheart
1,laqriss
1,Jr712
1,Plombir1
1,KarabogaPride
1,godpov
1,AllDaProblems
1,therespaintonthewall
1,thorn_ground
1,huliusthrown
1,PuntoPorPastor
1,likeishouldever
1,zztzt
1,heartsqo
1,Makropony
1,Snowpossum
1,sturesteen
1,alexandrawallace69
1,ComradeTaco10
1,Elmorean